Time,Sent,Received,In (kb/s),Out (kb/s)
0.5023296159924939,3,1,-6.441395926747924e-07,-8.051744908434905e-07
1.00236786599271,0,0,0.0,0.0
1.5020280739990994,0,0,0.0,0.0
2.0022276829986367,0,0,0.0,0.0
2.502010486990912,0,0,0.0,0.0
3.0019125239923596,0,0,0.0,0.0
