Time,Sent,Received,In (kb/s),Out (kb/s)
0.5019400969995331,0,0,-0.0,-0.0
1.0025203710001733,0,0,0.0,0.0
1.5023886059998404,0,0,0.0,0.0
2.0019332640003995,0,0,0.0,0.0
2.501952429999619,0,0,0.0,0.0
3.001796223999918,0,0,0.0,0.0
3.5016730560000724,0,0,0.0,0.0
