Time,Sent,Received,In (kb/s),Out (kb/s)
0.5024765470006969,3,1,-4.660837017426232e-06,-5.82604627178279e-06
1.0026326869992772,0,0,0.0,0.0
1.502125373997842,0,0,0.0,0.0
2.0021080910009914,0,0,0.0,0.0
2.5018819340002665,0,0,0.0,0.0
3.0021782149997307,0,0,0.0,0.0
3.5027665779998642,0,0,0.0,0.0
4.001933838000696,0,0,0.0,0.0
4.501898605998576,0,0,0.0,0.0
5.0021937290002825,0,0,0.0,0.0
