Time,Sent,Received,In (kb/s),Out (kb/s)
2.502032906995737,10,812,-0.001641727703362003,-1.2729424675284106e-06
3.001941647991771,0,0,0.0,0.0
