Time,Sent,Received,In (kb/s),Out (kb/s)
1.5021453509980347,22,1868,-0.027309001895952093,-2.0307927217075293e-05
2.0021304430010787,19,1685,888.8067621548174,0.6300175522878896
2.5019021199987037,16,1458,768.1902920675944,0.5162367461715605
3.002214886000729,21,1875,987.6978887876119,0.6895684611636889
3.5027899769993383,14,1379,727.1782906060465,0.4714568816702568
4.001957586999197,18,1663,878.0925685460523,0.5809676713741383
4.501914251999551,20,1795,947.1174385295316,0.6560550259602805
5.002223274997959,16,1354,712.4030955760405,0.5396675162393099
